net,run,us,bit_exact
bench_small,0,2750,0
bench_small,1,2580,0
bench_small,2,2572,0
bench_small,3,2569,0
bench_small,4,2572,0
bench_small,5,2575,0
bench_small,6,2566,0
bench_small,7,2575,0
bench_small,8,2566,0
bench_small,9,2570,0
bench_medium,0,43356,0
bench_medium,1,43246,0
bench_medium,2,43239,0
bench_medium,3,43236,0
bench_medium,4,43236,0
bench_medium,5,43237,0
bench_medium,6,43241,0
bench_medium,7,43238,0
bench_medium,8,43237,0
bench_medium,9,43232,0
bench_heavy,0,8183443,0
bench_heavy,1,8183269,0
bench_heavy,2,8183247,0
bench_heavy,3,8183260,0
bench_heavy,4,8183238,0
bench_heavy,5,8183234,0
bench_heavy,6,8183245,0
bench_heavy,7,8183259,0
bench_heavy,8,8183282,0
bench_heavy,9,8183241,0
mfn,0,249781,0
mfn,1,249652,0
mfn,2,249660,0
mfn,3,249655,0
mfn,4,249667,0
mfn,5,249646,0
mfn,6,249675,0
mfn,7,249658,0
mfn,8,249678,0
mfn,9,249641,0
espressif_mfn,0,254639,0
espressif_mfn,1,248980,0
espressif_mfn,2,248990,0
espressif_mfn,3,248976,0
espressif_mfn,4,248988,0
espressif_mfn,5,248976,0
espressif_mfn,6,248988,0
espressif_mfn,7,248976,0
espressif_mfn,8,248988,0
espressif_mfn,9,248976,0
