date,board,chip,impl,variant,parallel,net,status,runs,bit_exact,min_ms,mean_ms,std_ms,fpga_ms,ratio_vs_fpga,source
2026-10-07,4827S043,ESP32-S3 240 MHz,"plain C++ v4net.cpp (FPGA arithmetic, bit-exact)",weights in flash,1 core,bench_small,ok,10,10,108.844,108.975,0.3889,0.054,2015.6,esp32s3_v4/results/2026-10-07_4827S043_flash
2026-10-07,4827S043,ESP32-S3 240 MHz,"plain C++ v4net.cpp (FPGA arithmetic, bit-exact)",weights in flash,1 core,bench_medium,ok,10,10,2127.952,2127.974,0.0503,0.415,5127.6,esp32s3_v4/results/2026-10-07_4827S043_flash
2026-10-07,4827S043,ESP32-S3 240 MHz,"plain C++ v4net.cpp (FPGA arithmetic, bit-exact)",weights in flash,1 core,bench_heavy,ok,10,10,56979.500,56989.474,3.7034,12.290,4636.2,esp32s3_v4/results/2026-10-07_4827S043_flash
2026-10-07,4827S043,ESP32-S3 240 MHz,"plain C++ v4net.cpp (FPGA arithmetic, bit-exact)",weights in flash,1 core,mfn,ok,10,10,10316.203,10316.240,0.0535,2.311,4464.0,esp32s3_v4/results/2026-10-07_4827S043_flash
2026-10-07,4827S043,ESP32-S3 240 MHz,"plain C++ v4net.cpp (FPGA arithmetic, bit-exact)",weights in PSRAM,1 core,bench_small,ok,10,10,108.813,108.860,0.1344,0.054,2015.1,esp32s3_v4/results/2026-10-07_4827S043_psram
2026-10-07,4827S043,ESP32-S3 240 MHz,"plain C++ v4net.cpp (FPGA arithmetic, bit-exact)",weights in PSRAM,1 core,bench_medium,ok,10,10,1850.219,1850.236,0.0437,0.415,4458.4,esp32s3_v4/results/2026-10-07_4827S043_psram
2026-10-07,4827S043,ESP32-S3 240 MHz,"plain C++ v4net.cpp (FPGA arithmetic, bit-exact)",weights in PSRAM,1 core,bench_heavy,ok,10,10,38094.632,38103.877,3.2935,12.290,3099.6,esp32s3_v4/results/2026-10-07_4827S043_psram
2026-10-07,4827S043,ESP32-S3 240 MHz,"plain C++ v4net.cpp (FPGA arithmetic, bit-exact)",weights in PSRAM,1 core,mfn,ok,10,10,9826.373,9826.398,0.0498,2.311,4252.0,esp32s3_v4/results/2026-10-07_4827S043_psram
2026-10-07,lilygo_t5_47,ESP32-S3 240 MHz,"plain C++ v4net.cpp (FPGA arithmetic, bit-exact)",weights in flash,1 core,bench_small,ok,10,10,108.849,108.975,0.3868,0.054,2015.7,esp32s3_v4/results/2026-10-07_lilygo_t5_47_flash
2026-10-07,lilygo_t5_47,ESP32-S3 240 MHz,"plain C++ v4net.cpp (FPGA arithmetic, bit-exact)",weights in flash,1 core,bench_medium,ok,10,10,2125.769,2125.802,0.0548,0.415,5122.3,esp32s3_v4/results/2026-10-07_lilygo_t5_47_flash
2026-10-07,lilygo_t5_47,ESP32-S3 240 MHz,"plain C++ v4net.cpp (FPGA arithmetic, bit-exact)",weights in flash,1 core,bench_heavy,ok,10,10,56951.233,56961.889,3.9806,12.290,4633.9,esp32s3_v4/results/2026-10-07_lilygo_t5_47_flash
2026-10-07,lilygo_t5_47,ESP32-S3 240 MHz,"plain C++ v4net.cpp (FPGA arithmetic, bit-exact)",weights in flash,1 core,mfn,ok,10,10,10358.298,10358.338,0.0580,2.311,4482.2,esp32s3_v4/results/2026-10-07_lilygo_t5_47_flash
2026-10-07,lilygo_t5_47,ESP32-S3 240 MHz,"plain C++ v4net.cpp (FPGA arithmetic, bit-exact)",weights in PSRAM,1 core,bench_small,ok,10,10,108.806,108.861,0.1353,0.054,2014.9,esp32s3_v4/results/2026-10-07_lilygo_t5_47_psram
2026-10-07,lilygo_t5_47,ESP32-S3 240 MHz,"plain C++ v4net.cpp (FPGA arithmetic, bit-exact)",weights in PSRAM,1 core,bench_medium,ok,10,10,1850.219,1850.239,0.0420,0.415,4458.4,esp32s3_v4/results/2026-10-07_lilygo_t5_47_psram
2026-10-07,lilygo_t5_47,ESP32-S3 240 MHz,"plain C++ v4net.cpp (FPGA arithmetic, bit-exact)",weights in PSRAM,1 core,bench_heavy,ok,10,10,38094.623,38103.894,3.3035,12.290,3099.6,esp32s3_v4/results/2026-10-07_lilygo_t5_47_psram
2026-10-07,lilygo_t5_47,ESP32-S3 240 MHz,"plain C++ v4net.cpp (FPGA arithmetic, bit-exact)",weights in PSRAM,1 core,mfn,ok,10,10,9826.369,9826.397,0.0505,2.311,4252.0,esp32s3_v4/results/2026-10-07_lilygo_t5_47_psram
2026-10-08,lolin_s3_pro,ESP32-S3 240 MHz,"plain C++ v4net.cpp (FPGA arithmetic, bit-exact)",weights in flash,1 core,bench_small,ok,10,10,108.848,108.974,0.3862,0.054,2015.7,esp32s3_v4/results/2026-10-08_lolin_s3_pro_flash
2026-10-08,lolin_s3_pro,ESP32-S3 240 MHz,"plain C++ v4net.cpp (FPGA arithmetic, bit-exact)",weights in flash,1 core,bench_medium,ok,10,10,2123.773,2123.797,0.0562,0.415,5117.5,esp32s3_v4/results/2026-10-08_lolin_s3_pro_flash
2026-10-08,lolin_s3_pro,ESP32-S3 240 MHz,"plain C++ v4net.cpp (FPGA arithmetic, bit-exact)",weights in flash,1 core,bench_heavy,ok,10,10,56964.217,56973.935,3.5953,12.290,4635.0,esp32s3_v4/results/2026-10-08_lolin_s3_pro_flash
2026-10-08,lolin_s3_pro,ESP32-S3 240 MHz,"plain C++ v4net.cpp (FPGA arithmetic, bit-exact)",weights in flash,1 core,mfn,ok,10,10,10351.804,10351.843,0.0607,2.311,4479.4,esp32s3_v4/results/2026-10-08_lolin_s3_pro_flash
2026-10-08,lolin_s3_pro,ESP32-S3 240 MHz,"plain C++ v4net.cpp (FPGA arithmetic, bit-exact)",weights in PSRAM,1 core,bench_small,ok,10,10,108.789,108.842,0.1386,0.054,2014.6,esp32s3_v4/results/2026-10-08_lolin_s3_pro_psram
2026-10-08,lolin_s3_pro,ESP32-S3 240 MHz,"plain C++ v4net.cpp (FPGA arithmetic, bit-exact)",weights in PSRAM,1 core,bench_medium,ok,10,10,1849.238,1849.254,0.0418,0.415,4456.0,esp32s3_v4/results/2026-10-08_lolin_s3_pro_psram
2026-10-08,lolin_s3_pro,ESP32-S3 240 MHz,"plain C++ v4net.cpp (FPGA arithmetic, bit-exact)",weights in PSRAM,1 core,bench_heavy,ok,10,10,38090.274,38099.180,3.1479,12.290,3099.3,esp32s3_v4/results/2026-10-08_lolin_s3_pro_psram
2026-10-08,lolin_s3_pro,ESP32-S3 240 MHz,"plain C++ v4net.cpp (FPGA arithmetic, bit-exact)",weights in PSRAM,1 core,mfn,ok,10,10,9824.281,9824.309,0.0512,2.311,4251.1,esp32s3_v4/results/2026-10-08_lolin_s3_pro_psram
2026-10-08,lilygo_t5_47_b,ESP32-S3 240 MHz,"plain C++ v4net.cpp (FPGA arithmetic, bit-exact)",weights in flash,1 core,bench_small,ok,10,10,108.845,108.972,0.3869,0.054,2015.6,esp32s3_v4/results/2026-10-08_lilygo_t5_47_b_flash
2026-10-08,lilygo_t5_47_b,ESP32-S3 240 MHz,"plain C++ v4net.cpp (FPGA arithmetic, bit-exact)",weights in flash,1 core,bench_medium,ok,10,10,2123.839,2123.863,0.0580,0.415,5117.7,esp32s3_v4/results/2026-10-08_lilygo_t5_47_b_flash
2026-10-08,lilygo_t5_47_b,ESP32-S3 240 MHz,"plain C++ v4net.cpp (FPGA arithmetic, bit-exact)",weights in flash,1 core,bench_heavy,ok,10,10,56964.600,56974.388,3.6426,12.290,4635.0,esp32s3_v4/results/2026-10-08_lilygo_t5_47_b_flash
2026-10-08,lilygo_t5_47_b,ESP32-S3 240 MHz,"plain C++ v4net.cpp (FPGA arithmetic, bit-exact)",weights in flash,1 core,mfn,ok,10,10,10352.421,10352.455,0.0480,2.311,4479.6,esp32s3_v4/results/2026-10-08_lilygo_t5_47_b_flash
2026-10-08,lilygo_t5_47_b,ESP32-S3 240 MHz,"plain C++ v4net.cpp (FPGA arithmetic, bit-exact)",weights in PSRAM,1 core,bench_small,ok,10,10,108.794,108.846,0.1406,0.054,2014.7,esp32s3_v4/results/2026-10-08_lilygo_t5_47_b_psram
2026-10-08,lilygo_t5_47_b,ESP32-S3 240 MHz,"plain C++ v4net.cpp (FPGA arithmetic, bit-exact)",weights in PSRAM,1 core,bench_medium,ok,10,10,1850.227,1850.244,0.0424,0.415,4458.4,esp32s3_v4/results/2026-10-08_lilygo_t5_47_b_psram
2026-10-08,lilygo_t5_47_b,ESP32-S3 240 MHz,"plain C++ v4net.cpp (FPGA arithmetic, bit-exact)",weights in PSRAM,1 core,bench_heavy,ok,10,10,38094.617,38103.892,3.3036,12.290,3099.6,esp32s3_v4/results/2026-10-08_lilygo_t5_47_b_psram
2026-10-08,lilygo_t5_47_b,ESP32-S3 240 MHz,"plain C++ v4net.cpp (FPGA arithmetic, bit-exact)",weights in PSRAM,1 core,mfn,ok,10,10,9826.366,9826.396,0.0568,2.311,4252.0,esp32s3_v4/results/2026-10-08_lilygo_t5_47_b_psram
2026-10-07,esp32c6_qfn40_r02_8mb,ESP32-C6 160 MHz,"plain C++ v4net.cpp (FPGA arithmetic, bit-exact)",weights in flash,1 core,bench_small,ok,10,10,160.791,160.862,0.2040,0.054,2977.6,esp32s3_v4/results/2026-10-07_esp32c6_qfn40_r02_8mb_flash
2026-10-07,esp32c6_qfn40_r02_8mb,ESP32-C6 160 MHz,"plain C++ v4net.cpp (FPGA arithmetic, bit-exact)",weights in flash,1 core,bench_medium,out of memory,,,,,,,,esp32s3_v4/results/2026-10-07_esp32c6_qfn40_r02_8mb_flash
2026-10-07,esp32c6_qfn40_r02_8mb,ESP32-C6 160 MHz,"plain C++ v4net.cpp (FPGA arithmetic, bit-exact)",weights in flash,1 core,bench_heavy,out of memory,,,,,,,,esp32s3_v4/results/2026-10-07_esp32c6_qfn40_r02_8mb_flash
2026-10-07,esp32c6_qfn40_r02_8mb,ESP32-C6 160 MHz,"plain C++ v4net.cpp (FPGA arithmetic, bit-exact)",weights in flash,1 core,mfn,out of memory,,,,,,,,esp32s3_v4/results/2026-10-07_esp32c6_qfn40_r02_8mb_flash
2026-10-07,weact_rp2350b,RP2350 Cortex-M33 150 MHz,"plain C++ v4net.cpp (FPGA arithmetic, bit-exact)",weights in flash,1 core,bench_small,ok,10,10,167.853,167.937,0.0478,0.054,3108.4,rp2350_v4/results/2026-10-07_weact_rp2350b_arm
2026-10-07,weact_rp2350b,RP2350 Cortex-M33 150 MHz,"plain C++ v4net.cpp (FPGA arithmetic, bit-exact)",weights in flash,1 core,bench_medium,ok,10,10,3111.776,3112.649,0.3660,0.415,7498.3,rp2350_v4/results/2026-10-07_weact_rp2350b_arm
2026-10-07,weact_rp2350b,RP2350 Cortex-M33 150 MHz,"plain C++ v4net.cpp (FPGA arithmetic, bit-exact)",weights in flash,1 core,bench_heavy,out of memory,,,,,,,,rp2350_v4/results/2026-10-07_weact_rp2350b_arm
2026-10-07,weact_rp2350b,RP2350 Cortex-M33 150 MHz,"plain C++ v4net.cpp (FPGA arithmetic, bit-exact)",weights in flash,1 core,mfn,out of memory,,,,,,,,rp2350_v4/results/2026-10-07_weact_rp2350b_arm
2026-10-08,rpi5_8gb,BCM2712 Cortex-A76 2.4 GHz,"plain C++ v4net.cpp (FPGA arithmetic, bit-exact)",g++ -O2,1 thread,bench_small,ok,10,10,2.551,2.572,0.0140,0.054,47.2,linux_v4/results/2026-10-08_rpi5_8gb
2026-10-08,rpi5_8gb,BCM2712 Cortex-A76 2.4 GHz,"plain C++ v4net.cpp (FPGA arithmetic, bit-exact)",g++ -O2,1 thread,bench_medium,ok,10,10,31.778,31.833,0.0789,0.415,76.6,linux_v4/results/2026-10-08_rpi5_8gb
2026-10-08,rpi5_8gb,BCM2712 Cortex-A76 2.4 GHz,"plain C++ v4net.cpp (FPGA arithmetic, bit-exact)",g++ -O2,1 thread,bench_heavy,ok,10,10,738.717,739.030,0.4410,12.290,60.1,linux_v4/results/2026-10-08_rpi5_8gb
2026-10-08,rpi5_8gb,BCM2712 Cortex-A76 2.4 GHz,"plain C++ v4net.cpp (FPGA arithmetic, bit-exact)",g++ -O2,1 thread,mfn,ok,10,10,184.033,184.246,0.4420,2.311,79.6,linux_v4/results/2026-10-08_rpi5_8gb
2026-10-08,rpi5_8gb,BCM2712 Cortex-A76 2.4 GHz,"plain C++ v4net.cpp (FPGA arithmetic, bit-exact)",g++ -O3 -mcpu=cortex-a76 (NEON),1 thread,bench_small,ok,10,10,0.433,0.439,0.0098,0.054,8.0,linux_v4/results/2026-10-08_rpi5_8gb_o3neon_1t
2026-10-08,rpi5_8gb,BCM2712 Cortex-A76 2.4 GHz,"plain C++ v4net.cpp (FPGA arithmetic, bit-exact)",g++ -O3 -mcpu=cortex-a76 (NEON),1 thread,bench_medium,ok,10,10,7.561,7.593,0.0307,0.415,18.2,linux_v4/results/2026-10-08_rpi5_8gb_o3neon_1t
2026-10-08,rpi5_8gb,BCM2712 Cortex-A76 2.4 GHz,"plain C++ v4net.cpp (FPGA arithmetic, bit-exact)",g++ -O3 -mcpu=cortex-a76 (NEON),1 thread,bench_heavy,ok,10,10,48.044,48.202,0.1974,12.290,3.9,linux_v4/results/2026-10-08_rpi5_8gb_o3neon_1t
2026-10-08,rpi5_8gb,BCM2712 Cortex-A76 2.4 GHz,"plain C++ v4net.cpp (FPGA arithmetic, bit-exact)",g++ -O3 -mcpu=cortex-a76 (NEON),1 thread,mfn,ok,10,10,53.719,53.854,0.1528,2.311,23.2,linux_v4/results/2026-10-08_rpi5_8gb_o3neon_1t
2026-10-08,rpi5_8gb,BCM2712 Cortex-A76 2.4 GHz,"plain C++ v4net.cpp (FPGA arithmetic, bit-exact)",g++ -O3 -mcpu=cortex-a76 (NEON) + OpenMP,4 threads,bench_small,ok,10,10,0.124,0.144,0.0616,0.054,2.3,linux_v4/results/2026-10-08_rpi5_8gb_o3neon_omp4t
2026-10-08,rpi5_8gb,BCM2712 Cortex-A76 2.4 GHz,"plain C++ v4net.cpp (FPGA arithmetic, bit-exact)",g++ -O3 -mcpu=cortex-a76 (NEON) + OpenMP,4 threads,bench_medium,ok,10,10,2.420,2.519,0.0616,0.415,5.8,linux_v4/results/2026-10-08_rpi5_8gb_o3neon_omp4t
2026-10-08,rpi5_8gb,BCM2712 Cortex-A76 2.4 GHz,"plain C++ v4net.cpp (FPGA arithmetic, bit-exact)",g++ -O3 -mcpu=cortex-a76 (NEON) + OpenMP,4 threads,bench_heavy,ok,10,10,14.788,14.881,0.1089,12.290,1.2,linux_v4/results/2026-10-08_rpi5_8gb_o3neon_omp4t
2026-10-08,rpi5_8gb,BCM2712 Cortex-A76 2.4 GHz,"plain C++ v4net.cpp (FPGA arithmetic, bit-exact)",g++ -O3 -mcpu=cortex-a76 (NEON) + OpenMP,4 threads,mfn,ok,10,10,17.462,17.574,0.1622,2.311,7.6,linux_v4/results/2026-10-08_rpi5_8gb_o3neon_omp4t
2026-10-08,rpi5_8gb,BCM2712 Cortex-A76 2.4 GHz,ONNX Runtime 1.30 fp32 (not bit-exact),CPU EP,1 thread,bench_small,ok,10,0,0.303,0.317,0.0171,0.054,5.6,linux_v4/results/2026-10-08_rpi5_8gb_ort_fp32
2026-10-08,rpi5_8gb,BCM2712 Cortex-A76 2.4 GHz,ONNX Runtime 1.30 fp32 (not bit-exact),CPU EP,1 thread,bench_medium,ok,10,0,3.755,3.798,0.0590,0.415,9.0,linux_v4/results/2026-10-08_rpi5_8gb_ort_fp32
2026-10-08,rpi5_8gb,BCM2712 Cortex-A76 2.4 GHz,ONNX Runtime 1.30 fp32 (not bit-exact),CPU EP,1 thread,bench_heavy,ok,10,0,57.094,57.326,0.2017,12.290,4.6,linux_v4/results/2026-10-08_rpi5_8gb_ort_fp32
2026-10-08,rpi5_8gb,BCM2712 Cortex-A76 2.4 GHz,ONNX Runtime 1.30 fp32 (not bit-exact),CPU EP,1 thread,mfn,ok,10,0,32.833,33.914,2.7325,2.311,14.2,linux_v4/results/2026-10-08_rpi5_8gb_ort_fp32
2026-10-08,rpi5_8gb,BCM2712 Cortex-A76 2.4 GHz,ONNX Runtime 1.30 fp32 (not bit-exact),CPU EP,4 threads,bench_small,ok,10,0,0.104,0.113,0.0198,0.054,1.9,linux_v4/results/2026-10-08_rpi5_8gb_ort_fp32
2026-10-08,rpi5_8gb,BCM2712 Cortex-A76 2.4 GHz,ONNX Runtime 1.30 fp32 (not bit-exact),CPU EP,4 threads,bench_medium,ok,10,0,1.252,1.319,0.0937,0.415,3.0,linux_v4/results/2026-10-08_rpi5_8gb_ort_fp32
2026-10-08,rpi5_8gb,BCM2712 Cortex-A76 2.4 GHz,ONNX Runtime 1.30 fp32 (not bit-exact),CPU EP,4 threads,bench_heavy,ok,10,0,15.974,16.116,0.1314,12.290,1.3,linux_v4/results/2026-10-08_rpi5_8gb_ort_fp32
2026-10-08,rpi5_8gb,BCM2712 Cortex-A76 2.4 GHz,ONNX Runtime 1.30 fp32 (not bit-exact),CPU EP,4 threads,mfn,ok,10,0,13.282,13.409,0.1831,2.311,5.7,linux_v4/results/2026-10-08_rpi5_8gb_ort_fp32
2026-10-08,rpi5_8gb,BCM2712 Cortex-A76 2.4 GHz,ONNX Runtime 1.30 int8 QDQ (not bit-exact),CPU EP,1 thread,bench_small,ok,10,0,0.150,0.160,0.0120,0.054,2.8,linux_v4/results/2026-10-08_rpi5_8gb_ort_int8
2026-10-08,rpi5_8gb,BCM2712 Cortex-A76 2.4 GHz,ONNX Runtime 1.30 int8 QDQ (not bit-exact),CPU EP,1 thread,bench_medium,ok,10,0,1.414,1.443,0.0325,0.415,3.4,linux_v4/results/2026-10-08_rpi5_8gb_ort_int8
2026-10-08,rpi5_8gb,BCM2712 Cortex-A76 2.4 GHz,ONNX Runtime 1.30 int8 QDQ (not bit-exact),CPU EP,1 thread,bench_heavy,ok,10,0,13.651,14.634,2.1554,12.290,1.1,linux_v4/results/2026-10-08_rpi5_8gb_ort_int8
2026-10-08,rpi5_8gb,BCM2712 Cortex-A76 2.4 GHz,ONNX Runtime 1.30 int8 QDQ (not bit-exact),CPU EP,1 thread,mfn,ok,10,0,25.002,25.119,0.1701,2.311,10.8,linux_v4/results/2026-10-08_rpi5_8gb_ort_int8
2026-10-08,rpi5_8gb,BCM2712 Cortex-A76 2.4 GHz,ONNX Runtime 1.30 int8 QDQ (not bit-exact),CPU EP,4 threads,bench_small,ok,10,0,0.080,0.089,0.0179,0.054,1.5,linux_v4/results/2026-10-08_rpi5_8gb_ort_int8
2026-10-08,rpi5_8gb,BCM2712 Cortex-A76 2.4 GHz,ONNX Runtime 1.30 int8 QDQ (not bit-exact),CPU EP,4 threads,bench_medium,ok,10,0,0.500,0.538,0.0468,0.415,1.2,linux_v4/results/2026-10-08_rpi5_8gb_ort_int8
2026-10-08,rpi5_8gb,BCM2712 Cortex-A76 2.4 GHz,ONNX Runtime 1.30 int8 QDQ (not bit-exact),CPU EP,4 threads,bench_heavy,ok,10,0,4.481,4.524,0.0670,12.290,0.4,linux_v4/results/2026-10-08_rpi5_8gb_ort_int8
2026-10-08,rpi5_8gb,BCM2712 Cortex-A76 2.4 GHz,ONNX Runtime 1.30 int8 QDQ (not bit-exact),CPU EP,4 threads,mfn,ok,10,0,12.181,12.256,0.1049,2.311,5.3,linux_v4/results/2026-10-08_rpi5_8gb_ort_int8
2026-10-08,4827S043,ESP32-S3 240 MHz,"ESP-DL 3.3.13 int8, ESP-PPQ (not bit-exact)",SIMD/PIE,1 core,bench_small,ok,10,0,2.566,2.591,0.0581,0.054,47.5,espdl_v4/results/2026-10-08_4827S043_espdl
2026-10-08,4827S043,ESP32-S3 240 MHz,"ESP-DL 3.3.13 int8, ESP-PPQ (not bit-exact)",SIMD/PIE,1 core,bench_medium,ok,10,0,43.233,43.250,0.0368,0.415,104.2,espdl_v4/results/2026-10-08_4827S043_espdl
2026-10-08,4827S043,ESP32-S3 240 MHz,"ESP-DL 3.3.13 int8, ESP-PPQ (not bit-exact)",SIMD/PIE,1 core,bench_heavy,ok,10,0,8183.244,8183.281,0.0571,12.290,665.8,espdl_v4/results/2026-10-08_4827S043_espdl
2026-10-08,4827S043,ESP32-S3 240 MHz,"ESP-DL 3.3.13 int8, ESP-PPQ (not bit-exact)",SIMD/PIE,1 core,mfn,ok,10,0,249.648,249.670,0.0364,2.311,108.0,espdl_v4/results/2026-10-08_4827S043_espdl
2026-10-08,4827S043,ESP32-S3 240 MHz,"ESP-DL 3.3.13 int8, ESP-PPQ (not bit-exact)",SIMD/PIE,1 core,espressif_mfn,ok,10,0,248.964,249.537,1.7887,2.311,107.7,espdl_v4/results/2026-10-08_4827S043_espdl
2026-10-08,4827S043,ESP32-S3 240 MHz,"ESP-DL 3.3.13 int8, ESP-PPQ (not bit-exact)",SIMD/PIE,"2 cores (MobileFaceNet unstable: crashes, wrong output)",bench_small,ok,10,0,1.904,1.932,0.0346,0.054,35.3,espdl_v4/results/2026-10-08_4827S043_espdl
2026-10-08,4827S043,ESP32-S3 240 MHz,"ESP-DL 3.3.13 int8, ESP-PPQ (not bit-exact)",SIMD/PIE,"2 cores (MobileFaceNet unstable: crashes, wrong output)",bench_medium,ok,10,0,34.153,34.258,0.0717,0.415,82.3,espdl_v4/results/2026-10-08_4827S043_espdl
2026-10-08,4827S043,ESP32-S3 240 MHz,"ESP-DL 3.3.13 int8, ESP-PPQ (not bit-exact)",SIMD/PIE,"2 cores (MobileFaceNet unstable: crashes, wrong output)",bench_heavy,ok,10,0,4573.561,4573.641,0.0833,12.290,372.1,espdl_v4/results/2026-10-08_4827S043_espdl
2026-10-08,4827S043,ESP32-S3 240 MHz,"ESP-DL 3.3.13 int8, ESP-PPQ (not bit-exact)",SIMD/PIE,"2 cores (MobileFaceNet unstable: crashes, wrong output)",mfn,ok,10,0,215.764,215.976,0.2174,2.311,93.4,espdl_v4/results/2026-10-08_4827S043_espdl
2026-10-08,4827S043,ESP32-S3 240 MHz,"ESP-DL 3.3.13 int8, ESP-PPQ (not bit-exact)",SIMD/PIE,"2 cores (MobileFaceNet unstable: crashes, wrong output)",espressif_mfn,ok,10,0,221.167,221.435,0.2059,2.311,95.7,espdl_v4/results/2026-10-08_4827S043_espdl
2026-10-08,lilygo_t5_47_b,ESP32-S3 240 MHz,"ESP-DL 3.3.13 int8, ESP-PPQ (not bit-exact)",SIMD/PIE,1 core,bench_small,ok,10,0,2.566,2.590,0.0565,0.054,47.5,espdl_v4/results/2026-10-08_lilygo_t5_47_b_espdl
2026-10-08,lilygo_t5_47_b,ESP32-S3 240 MHz,"ESP-DL 3.3.13 int8, ESP-PPQ (not bit-exact)",SIMD/PIE,1 core,bench_medium,ok,10,0,43.232,43.249,0.0376,0.415,104.2,espdl_v4/results/2026-10-08_lilygo_t5_47_b_espdl
2026-10-08,lilygo_t5_47_b,ESP32-S3 240 MHz,"ESP-DL 3.3.13 int8, ESP-PPQ (not bit-exact)",SIMD/PIE,1 core,bench_heavy,ok,10,0,8183.226,8183.262,0.0601,12.290,665.8,espdl_v4/results/2026-10-08_lilygo_t5_47_b_espdl
2026-10-08,lilygo_t5_47_b,ESP32-S3 240 MHz,"ESP-DL 3.3.13 int8, ESP-PPQ (not bit-exact)",SIMD/PIE,1 core,mfn,ok,10,0,249.641,249.671,0.0409,2.311,108.0,espdl_v4/results/2026-10-08_lilygo_t5_47_b_espdl
2026-10-08,lilygo_t5_47_b,ESP32-S3 240 MHz,"ESP-DL 3.3.13 int8, ESP-PPQ (not bit-exact)",SIMD/PIE,1 core,espressif_mfn,ok,6,0,248.982,249.928,2.3101,2.311,107.7,espdl_v4/results/2026-10-08_lilygo_t5_47_b_espdl
2026-10-08,lilygo_t5_47_b,ESP32-S3 240 MHz,"ESP-DL 3.3.13 int8, ESP-PPQ (not bit-exact)",SIMD/PIE,2 cores (MobileFaceNet unstable: crash loop),bench_small,ok,10,0,1.914,1.936,0.0404,0.054,35.4,espdl_v4/results/2026-10-08_lilygo_t5_47_b_espdl
2026-10-08,lilygo_t5_47_b,ESP32-S3 240 MHz,"ESP-DL 3.3.13 int8, ESP-PPQ (not bit-exact)",SIMD/PIE,2 cores (MobileFaceNet unstable: crash loop),bench_medium,ok,10,0,34.158,34.239,0.0784,0.415,82.3,espdl_v4/results/2026-10-08_lilygo_t5_47_b_espdl
2026-10-08,lilygo_t5_47_b,ESP32-S3 240 MHz,"ESP-DL 3.3.13 int8, ESP-PPQ (not bit-exact)",SIMD/PIE,2 cores (MobileFaceNet unstable: crash loop),bench_heavy,ok,10,0,4573.543,4573.679,0.1110,12.290,372.1,espdl_v4/results/2026-10-08_lilygo_t5_47_b_espdl
2026-10-08,lilygo_t5_47_b,ESP32-S3 240 MHz,"ESP-DL 3.3.13 int8, ESP-PPQ (not bit-exact)",SIMD/PIE,2 cores (MobileFaceNet unstable: crash loop),mfn,ok,4,0,215.931,216.102,0.2101,2.311,93.4,espdl_v4/results/2026-10-08_lilygo_t5_47_b_espdl
2026-10-08,lilygo_t5_47_b,ESP32-S3 240 MHz,"ESP-DL 3.3.13 int8, ESP-PPQ (not bit-exact)",SIMD/PIE,2 cores (MobileFaceNet unstable: crash loop),espressif_mfn,failed,,,,,,,,espdl_v4/results/2026-10-08_lilygo_t5_47_b_espdl
2026-10-08,lilygo_t5_47,ESP32-S3 240 MHz,"ESP-DL 3.3.13 int8, ESP-PPQ (not bit-exact)",SIMD/PIE,1 core,bench_small,ok,10,0,2.566,2.590,0.0566,0.054,47.5,espdl_v4/results/2026-10-08_lilygo_t5_47_espdl
2026-10-08,lilygo_t5_47,ESP32-S3 240 MHz,"ESP-DL 3.3.13 int8, ESP-PPQ (not bit-exact)",SIMD/PIE,1 core,bench_medium,ok,10,0,43.232,43.250,0.0375,0.415,104.2,espdl_v4/results/2026-10-08_lilygo_t5_47_espdl
2026-10-08,lilygo_t5_47,ESP32-S3 240 MHz,"ESP-DL 3.3.13 int8, ESP-PPQ (not bit-exact)",SIMD/PIE,1 core,bench_heavy,ok,10,0,8183.234,8183.272,0.0620,12.290,665.8,espdl_v4/results/2026-10-08_lilygo_t5_47_espdl
2026-10-08,lilygo_t5_47,ESP32-S3 240 MHz,"ESP-DL 3.3.13 int8, ESP-PPQ (not bit-exact)",SIMD/PIE,1 core,mfn,ok,10,0,249.641,249.671,0.0403,2.311,108.0,espdl_v4/results/2026-10-08_lilygo_t5_47_espdl
2026-10-08,lilygo_t5_47,ESP32-S3 240 MHz,"ESP-DL 3.3.13 int8, ESP-PPQ (not bit-exact)",SIMD/PIE,1 core,espressif_mfn,ok,10,0,248.976,249.548,1.7889,2.311,107.7,espdl_v4/results/2026-10-08_lilygo_t5_47_espdl
2026-10-08,lilygo_t5_47,ESP32-S3 240 MHz,"ESP-DL 3.3.13 int8, ESP-PPQ (not bit-exact)",SIMD/PIE,2 cores,bench_small,ok,10,0,1.913,1.934,0.0442,0.054,35.4,espdl_v4/results/2026-10-08_lilygo_t5_47_espdl
2026-10-08,lilygo_t5_47,ESP32-S3 240 MHz,"ESP-DL 3.3.13 int8, ESP-PPQ (not bit-exact)",SIMD/PIE,2 cores,bench_medium,ok,10,0,34.159,34.249,0.0776,0.415,82.3,espdl_v4/results/2026-10-08_lilygo_t5_47_espdl
2026-10-08,lilygo_t5_47,ESP32-S3 240 MHz,"ESP-DL 3.3.13 int8, ESP-PPQ (not bit-exact)",SIMD/PIE,2 cores,bench_heavy,ok,10,0,4573.500,4573.617,0.1094,12.290,372.1,espdl_v4/results/2026-10-08_lilygo_t5_47_espdl
2026-10-08,lilygo_t5_47,ESP32-S3 240 MHz,"ESP-DL 3.3.13 int8, ESP-PPQ (not bit-exact)",SIMD/PIE,2 cores,mfn,ok,10,0,215.844,215.999,0.1499,2.311,93.4,espdl_v4/results/2026-10-08_lilygo_t5_47_espdl
2026-10-08,lilygo_t5_47,ESP32-S3 240 MHz,"ESP-DL 3.3.13 int8, ESP-PPQ (not bit-exact)",SIMD/PIE,2 cores,espressif_mfn,ok,10,0,221.424,221.494,0.0676,2.311,95.8,espdl_v4/results/2026-10-08_lilygo_t5_47_espdl
